{"cameraMode":{"drawMode":0,"name":"Shaded","section":"Shading Mode"},"sceneLighting":false,"audioPlay":false,"sceneViewState":{"m_AlwaysRefresh":false,"showFog":true,"showSkybox":false,"showFlares":true,"showImageEffects":true,"showParticleSystems":true,"showVisualEffectGraphs":true,"m_FxEnabled":true},"in2DMode":false,"pivot":{"x":-2.9802322387695315e-8,"y":0.5503472089767456,"z":5.960464477539063e-8},"rotation":{"x":0.0013773760292679072,"y":0.998376190662384,"z":-0.04977324977517128,"w":0.029948892071843149},"size":0.8235177397727966,"orthographic":false}