{"cameraMode":{"drawMode":0,"name":"Shaded","section":"Shading Mode"},"sceneLighting":false,"audioPlay":false,"sceneViewState":{"m_AlwaysRefresh":false,"showFog":true,"showSkybox":false,"showFlares":true,"showImageEffects":true,"showParticleSystems":true,"showVisualEffectGraphs":true,"m_FxEnabled":true},"in2DMode":false,"pivot":{"x":0.005098604131489992,"y":-0.018697232007980348,"z":-0.004803169518709183},"rotation":{"x":-0.11092071980237961,"y":-0.05303899198770523,"z":0.006055635400116444,"w":-0.9924508929252625},"size":0.024000000208616258,"orthographic":false}