{"cameraMode":{"drawMode":0,"name":"Shaded","section":"Shading Mode"},"sceneLighting":false,"audioPlay":false,"sceneViewState":{"m_AlwaysRefresh":false,"showFog":true,"showSkybox":false,"showFlares":true,"showImageEffects":true,"showParticleSystems":true,"showVisualEffectGraphs":true,"m_FxEnabled":true},"in2DMode":false,"pivot":{"x":1.1920928955078126e-7,"y":2.379676103591919,"z":-2.384185791015625e-7},"rotation":{"x":0.003939987625926733,"y":0.9686458706855774,"z":-0.24817393720149995,"w":0.016006821766495706},"size":3.6942696571350099,"orthographic":false}