{"cameraMode":{"drawMode":0,"name":"Shaded","section":"Shading Mode"},"sceneLighting":false,"audioPlay":false,"sceneViewState":{"m_AlwaysRefresh":false,"showFog":true,"showSkybox":false,"showFlares":true,"showImageEffects":true,"showParticleSystems":true,"showVisualEffectGraphs":true,"m_FxEnabled":true},"in2DMode":false,"pivot":{"x":-0.20998816192150117,"y":-0.13149753212928773,"z":-1.4454843997955323},"rotation":{"x":-0.005815665703266859,"y":0.9761723279953003,"z":-0.2157328873872757,"w":-0.026682768017053605},"size":0.20742017030715943,"orthographic":false}