{"cameraMode":{"drawMode":0,"name":"Shaded","section":"Shading Mode"},"sceneLighting":true,"audioPlay":false,"sceneViewState":{"m_AlwaysRefresh":false,"showFog":true,"showSkybox":true,"showFlares":true,"showImageEffects":true,"showParticleSystems":true,"showVisualEffectGraphs":true,"m_FxEnabled":true},"in2DMode":false,"pivot":{"x":-0.03923097997903824,"y":-0.44571080803871157,"z":-0.00010085105895996094},"rotation":{"x":0.013459437526762486,"y":0.07641825079917908,"z":-0.0010479235788807273,"w":0.9969965219497681},"size":2.8517401218414308,"orthographic":true}