{"cameraMode":{"drawMode":0,"name":"Shaded","section":"Shading Mode"},"sceneLighting":false,"audioPlay":false,"sceneViewState":{"m_AlwaysRefresh":false,"showFog":true,"showSkybox":false,"showFlares":true,"showImageEffects":true,"showParticleSystems":true,"showVisualEffectGraphs":true,"m_FxEnabled":true},"in2DMode":false,"pivot":{"x":-0.07562899589538574,"y":1.2975094318389893,"z":-0.11793631315231323},"rotation":{"x":0.0013773760292679072,"y":0.998376190662384,"z":-0.04977324977517128,"w":0.029948892071843149},"size":1.5105724334716797,"orthographic":false}