{"cameraMode":{"drawMode":0,"name":"Shaded","section":"Shading Mode"},"sceneLighting":false,"audioPlay":false,"sceneViewState":{"m_AlwaysRefresh":false,"showFog":true,"showSkybox":false,"showFlares":true,"showImageEffects":true,"showParticleSystems":true,"showVisualEffectGraphs":true,"m_FxEnabled":true},"in2DMode":false,"pivot":{"x":-2.9802322387695315e-8,"y":0.6229129433631897,"z":5.960464477539063e-8},"rotation":{"x":0.003939987625926733,"y":0.9686458706855774,"z":-0.24817393720149995,"w":0.016006821766495706},"size":0.8736818432807922,"orthographic":false}