{"cameraMode":{"drawMode":0,"name":"Shaded","section":"Shading Mode"},"sceneLighting":false,"audioPlay":false,"sceneViewState":{"m_AlwaysRefresh":false,"showFog":true,"showSkybox":false,"showFlares":true,"showImageEffects":true,"showParticleSystems":true,"showVisualEffectGraphs":true,"m_FxEnabled":true},"in2DMode":false,"pivot":{"x":246.81118774414063,"y":246.68441772460938,"z":1.9160070419311524},"rotation":{"x":0.010779647156596184,"y":0.9705079793930054,"z":-0.045542582869529727,"w":0.23717787861824037},"size":13.971176147460938,"orthographic":true}