{"cameraMode":{"drawMode":0,"name":"Shaded","section":"Shading Mode"},"sceneLighting":false,"audioPlay":false,"sceneViewState":{"m_AlwaysRefresh":false,"showFog":true,"showSkybox":false,"showFlares":true,"showImageEffects":true,"showParticleSystems":true,"showVisualEffectGraphs":true,"m_FxEnabled":true},"in2DMode":false,"pivot":{"x":4.76837158203125e-7,"y":0.712980329990387,"z":-2.9802322387695315e-8},"rotation":{"x":0.003939987625926733,"y":0.9686458706855774,"z":-0.24817393720149995,"w":0.016006821766495706},"size":0.9283937215805054,"orthographic":false}