{"cameraMode":{"drawMode":0,"name":"Shaded","section":"Shading Mode"},"sceneLighting":false,"audioPlay":false,"sceneViewState":{"m_AlwaysRefresh":false,"showFog":true,"showSkybox":false,"showFlares":true,"showImageEffects":true,"showParticleSystems":true,"showVisualEffectGraphs":true,"m_FxEnabled":true},"in2DMode":false,"pivot":{"x":-0.029224395751953126,"y":7.301714897155762,"z":-0.029224395751953126},"rotation":{"x":0.0013773760292679072,"y":0.998376190662384,"z":-0.04977324977517128,"w":0.029948892071843149},"size":11.22578239440918,"orthographic":false}