{"cameraMode":{"drawMode":0,"name":"Shaded","section":"Shading Mode"},"sceneLighting":false,"audioPlay":false,"sceneViewState":{"m_AlwaysRefresh":false,"showFog":true,"showSkybox":false,"showFlares":true,"showImageEffects":true,"showParticleSystems":true,"showVisualEffectGraphs":true,"m_FxEnabled":true},"in2DMode":false,"pivot":{"x":-0.000882267951965332,"y":-1.4901161193847657e-8,"z":-0.005984310060739517},"rotation":{"x":-0.023376131430268289,"y":-0.9253617525100708,"z":0.058802105486392978,"w":-0.37420976161956789},"size":0.26651036739349368,"orthographic":true}