{"cameraMode":{"drawMode":0,"name":"Shaded","section":"Shading Mode"},"sceneLighting":false,"audioPlay":false,"sceneViewState":{"m_AlwaysRefresh":false,"showFog":true,"showSkybox":false,"showFlares":true,"showImageEffects":true,"showParticleSystems":true,"showVisualEffectGraphs":true,"m_FxEnabled":true},"in2DMode":false,"pivot":{"x":0.02497139573097229,"y":-0.2135084867477417,"z":-0.22953031957149507},"rotation":{"x":-0.004782324191182852,"y":-0.055510494858026507,"z":0.0006258807261474431,"w":-0.9986125826835632},"size":0.22060096263885499,"orthographic":true}