{"cameraMode":{"drawMode":0,"name":"Shaded","section":"Shading Mode"},"sceneLighting":false,"audioPlay":false,"sceneViewState":{"m_AlwaysRefresh":false,"showFog":true,"showSkybox":false,"showFlares":true,"showImageEffects":true,"showParticleSystems":true,"showVisualEffectGraphs":true,"m_FxEnabled":true},"in2DMode":false,"pivot":{"x":0.0039473772048950199,"y":0.15374493598937989,"z":1.0002756118774415},"rotation":{"x":0.05677006393671036,"y":-0.318654865026474,"z":0.01933147944509983,"w":0.9460771083831787},"size":0.30147629976272585,"orthographic":false}