{"cameraMode":{"drawMode":0,"name":"Shaded","section":"Shading Mode"},"sceneLighting":false,"audioPlay":false,"sceneViewState":{"m_AlwaysRefresh":false,"showFog":true,"showSkybox":false,"showFlares":true,"showImageEffects":true,"showParticleSystems":true,"showVisualEffectGraphs":true,"m_FxEnabled":true},"in2DMode":false,"pivot":{"x":0.03580000251531601,"y":-0.059800006449222568,"z":0.98580002784729},"rotation":{"x":-0.05508163198828697,"y":0.8572431206703186,"z":-0.09303233027458191,"w":-0.5037603974342346},"size":0.13272929191589356,"orthographic":true}