{"cameraMode":{"drawMode":0,"name":"Shaded","section":"Shading Mode"},"sceneLighting":false,"audioPlay":false,"sceneViewState":{"m_AlwaysRefresh":false,"showFog":true,"showSkybox":false,"showFlares":true,"showImageEffects":true,"showParticleSystems":true,"showVisualEffectGraphs":true,"m_FxEnabled":true},"in2DMode":false,"pivot":{"x":0.015000000596046448,"y":0.001996595412492752,"z":0.001499999314546585},"rotation":{"x":-0.05695659667253494,"y":-0.02635546773672104,"z":-0.0014213029062375427,"w":0.9981287717819214},"size":0.11872100830078125,"orthographic":false}